{"cameraMode":{"drawMode":0,"name":"Shaded","section":"Shading Mode"},"sceneLighting":true,"audioPlay":false,"sceneViewState":{"m_AlwaysRefresh":false,"showFog":true,"showSkybox":true,"showFlares":true,"showImageEffects":true,"showParticleSystems":true,"showVisualEffectGraphs":true,"m_FxEnabled":true},"in2DMode":false,"pivot":{"x":561.617431640625,"y":225.6038055419922,"z":616.8779907226563},"rotation":{"x":-0.018305370584130288,"y":-0.018898343667387964,"z":0.00034628171124495566,"w":-0.9996573328971863},"size":563.0652465820313,"orthographic":false}